ihfB	hipA	1
ihfB	yeiL	1
ihfB	tdcA	1
ihfB	hipB	1
ihfB	yiaJ	1
ihfB	ompR	1
ihfB	fhlA	1
ihfB	flhD	1
ihfB	tdcE	1
ihfB	narG	1
ihfB	lyxK	1
ihfB	sgbU	1
ihfB	hycI	1
ihfB	nrfD	1
ihfB	yiaM	1
ihfB	hypA	1
ihfB	tdcC	1
ihfB	sra	1
ihfB	nrfA	1
ihfB	hycE	1
ihfB	yjbG	1
ihfB	ompF	1
ihfB	narI	1
ihfB	hycC	1
ihfB	hycD	1
ihfB	sgbH	1
ihfB	nrfC	1
hipA	hipB	1
tdcA	tdcE	1
tdcA	tdcC	1
hipB	hipA	1
yiaJ	lyxK	1
yiaJ	sgbU	1
yiaJ	yiaM	1
yiaJ	sgbH	1
ompR	csgD	1
ompR	bolA	1
ompR	flhD	1
ompR	sra	1
ompR	ompF	1
ompR	csgE	1
tdcR	tdcA	1
tdcR	tdcE	1
tdcR	tdcC	1
csgD	csgE	1
rcsB	csgD	1
rcsB	rcsA	1
rcsB	flhD	1
rcsB	bdm	1
rcsB	osmC	1
rcsB	wcaA	1
rcsB	ftsA	1
rcsB	sra	1
rcsB	yjbG	1
rcsB	wzc	1
rcsB	wzb	1
rcsB	csgE	1
rstA	csgD	1
rstA	narG	1
rstA	ompF	1
rstA	narI	1
rstA	csgE	1
fhlA	hyfR	1
fhlA	hyfH	1
fhlA	hyfG	1
fhlA	hydN	1
fhlA	hypF	1
fhlA	hycI	1
fhlA	hypA	1
fhlA	hycE	1
fhlA	hycC	1
fhlA	hycD	1
hyfR	hyfH	1
hyfR	hyfG	1
rcsA	csgD	1
rcsA	flhD	1
rcsA	bdm	1
rcsA	osmC	1
rcsA	wcaA	1
rcsA	ftsA	1
rcsA	sra	1
rcsA	yjbG	1
rcsA	wzc	1
rcsA	wzb	1
rcsA	csgE	1
phoP	rstA	1
phoP	treR	1
flhD	hydN	1
flhD	hypF	1
flhD	nrfD	1
flhD	nrfA	1
flhD	nrfC	1
lrhA	flhD	1
qseB	flhD	1
ihfB	tdcR	0
ihfB	csgD	0
ihfB	rcsB	0
ihfB	bolA	0
ihfB	rstA	0
ihfB	hyfR	0
ihfB	rcsA	0
ihfB	phoP	0
ihfB	treR	0
ihfB	lrhA	0
ihfB	qseB	0
ihfB	bdm	0
ihfB	hyfH	0
ihfB	hyfG	0
ihfB	osmC	0
ihfB	wcaA	0
ihfB	hydN	0
ihfB	hypF	0
ihfB	ftsA	0
ihfB	wzc	0
ihfB	wzb	0
ihfB	csgE	0
hipA	ihfB	0
hipA	yeiL	0
hipA	tdcA	0
hipA	yiaJ	0
hipA	ompR	0
hipA	tdcR	0
hipA	csgD	0
hipA	rcsB	0
hipA	bolA	0
hipA	rstA	0
hipA	fhlA	0
hipA	hyfR	0
hipA	rcsA	0
hipA	phoP	0
hipA	treR	0
hipA	flhD	0
hipA	lrhA	0
hipA	qseB	0
hipA	bdm	0
hipA	hyfH	0
hipA	tdcE	0
hipA	hyfG	0
hipA	narG	0
hipA	osmC	0
hipA	wcaA	0
hipA	hydN	0
hipA	hypF	0
hipA	lyxK	0
hipA	ftsA	0
hipA	sgbU	0
hipA	hycI	0
hipA	nrfD	0
hipA	yiaM	0
hipA	hypA	0
hipA	tdcC	0
hipA	sra	0
hipA	nrfA	0
hipA	hycE	0
hipA	yjbG	0
hipA	wzc	0
hipA	ompF	0
hipA	narI	0
hipA	hycC	0
hipA	hycD	0
hipA	wzb	0
hipA	sgbH	0
hipA	csgE	0
hipA	nrfC	0
yeiL	ihfB	0
yeiL	hipA	0
yeiL	tdcA	0
yeiL	hipB	0
yeiL	yiaJ	0
yeiL	ompR	0
yeiL	tdcR	0
yeiL	csgD	0
yeiL	rcsB	0
yeiL	bolA	0
yeiL	rstA	0
yeiL	fhlA	0
yeiL	hyfR	0
yeiL	rcsA	0
yeiL	phoP	0
yeiL	treR	0
yeiL	flhD	0
yeiL	lrhA	0
yeiL	qseB	0
yeiL	bdm	0
yeiL	hyfH	0
yeiL	tdcE	0
yeiL	hyfG	0
yeiL	narG	0
yeiL	osmC	0
yeiL	wcaA	0
yeiL	hydN	0
yeiL	hypF	0
yeiL	lyxK	0
yeiL	ftsA	0
yeiL	sgbU	0
yeiL	hycI	0
yeiL	nrfD	0
yeiL	yiaM	0
yeiL	hypA	0
yeiL	tdcC	0
yeiL	sra	0
yeiL	nrfA	0
yeiL	hycE	0
yeiL	yjbG	0
yeiL	wzc	0
yeiL	ompF	0
yeiL	narI	0
yeiL	hycC	0
yeiL	hycD	0
yeiL	wzb	0
yeiL	sgbH	0
yeiL	csgE	0
yeiL	nrfC	0
tdcA	ihfB	0
tdcA	hipA	0
tdcA	yeiL	0
tdcA	hipB	0
tdcA	yiaJ	0
tdcA	ompR	0
tdcA	tdcR	0
tdcA	csgD	0
tdcA	rcsB	0
tdcA	bolA	0
tdcA	rstA	0
tdcA	fhlA	0
tdcA	hyfR	0
tdcA	rcsA	0
tdcA	phoP	0
tdcA	treR	0
tdcA	flhD	0
tdcA	lrhA	0
tdcA	qseB	0
tdcA	bdm	0
tdcA	hyfH	0
tdcA	hyfG	0
tdcA	narG	0
tdcA	osmC	0
tdcA	wcaA	0
tdcA	hydN	0
tdcA	hypF	0
tdcA	lyxK	0
tdcA	ftsA	0
tdcA	sgbU	0
tdcA	hycI	0
tdcA	nrfD	0
tdcA	yiaM	0
tdcA	hypA	0
tdcA	sra	0
tdcA	nrfA	0
tdcA	hycE	0
tdcA	yjbG	0
tdcA	wzc	0
tdcA	ompF	0
tdcA	narI	0
tdcA	hycC	0
tdcA	hycD	0
tdcA	wzb	0
tdcA	sgbH	0
tdcA	csgE	0
tdcA	nrfC	0
hipB	ihfB	0
hipB	yeiL	0
hipB	tdcA	0
hipB	yiaJ	0
hipB	ompR	0
hipB	tdcR	0
hipB	csgD	0
hipB	rcsB	0
hipB	bolA	0
hipB	rstA	0
hipB	fhlA	0
hipB	hyfR	0
hipB	rcsA	0
hipB	phoP	0
hipB	treR	0
hipB	flhD	0
hipB	lrhA	0
hipB	qseB	0
hipB	bdm	0
hipB	hyfH	0
hipB	tdcE	0
hipB	hyfG	0
hipB	narG	0
hipB	osmC	0
hipB	wcaA	0
hipB	hydN	0
hipB	hypF	0
hipB	lyxK	0
hipB	ftsA	0
hipB	sgbU	0
hipB	hycI	0
hipB	nrfD	0
hipB	yiaM	0
hipB	hypA	0
hipB	tdcC	0
hipB	sra	0
hipB	nrfA	0
hipB	hycE	0
hipB	yjbG	0
hipB	wzc	0
hipB	ompF	0
hipB	narI	0
hipB	hycC	0
hipB	hycD	0
hipB	wzb	0
hipB	sgbH	0
hipB	csgE	0
hipB	nrfC	0
yiaJ	ihfB	0
yiaJ	hipA	0
yiaJ	yeiL	0
yiaJ	tdcA	0
yiaJ	hipB	0
yiaJ	ompR	0
yiaJ	tdcR	0
yiaJ	csgD	0
yiaJ	rcsB	0
yiaJ	bolA	0
yiaJ	rstA	0
yiaJ	fhlA	0
yiaJ	hyfR	0
yiaJ	rcsA	0
yiaJ	phoP	0
yiaJ	treR	0
yiaJ	flhD	0
yiaJ	lrhA	0
yiaJ	qseB	0
yiaJ	bdm	0
yiaJ	hyfH	0
yiaJ	tdcE	0
yiaJ	hyfG	0
yiaJ	narG	0
yiaJ	osmC	0
yiaJ	wcaA	0
yiaJ	hydN	0
yiaJ	hypF	0
yiaJ	ftsA	0
yiaJ	hycI	0
yiaJ	nrfD	0
yiaJ	hypA	0
yiaJ	tdcC	0
yiaJ	sra	0
yiaJ	nrfA	0
yiaJ	hycE	0
yiaJ	yjbG	0
yiaJ	wzc	0
yiaJ	ompF	0
yiaJ	narI	0
yiaJ	hycC	0
yiaJ	hycD	0
yiaJ	wzb	0
yiaJ	csgE	0
yiaJ	nrfC	0
ompR	ihfB	0
ompR	hipA	0
ompR	yeiL	0
ompR	tdcA	0
ompR	hipB	0
ompR	yiaJ	0
ompR	tdcR	0
ompR	rcsB	0
ompR	rstA	0
ompR	fhlA	0
ompR	hyfR	0
ompR	rcsA	0
ompR	phoP	0
ompR	treR	0
ompR	lrhA	0
ompR	qseB	0
ompR	bdm	0
ompR	hyfH	0
ompR	tdcE	0
ompR	hyfG	0
ompR	narG	0
ompR	osmC	0
ompR	wcaA	0
ompR	hydN	0
ompR	hypF	0
ompR	lyxK	0
ompR	ftsA	0
ompR	sgbU	0
ompR	hycI	0
ompR	nrfD	0
ompR	yiaM	0
ompR	hypA	0
ompR	tdcC	0
ompR	nrfA	0
ompR	hycE	0
ompR	yjbG	0
ompR	wzc	0
ompR	narI	0
ompR	hycC	0
ompR	hycD	0
ompR	wzb	0
ompR	sgbH	0
ompR	nrfC	0
tdcR	ihfB	0
tdcR	hipA	0
tdcR	yeiL	0
tdcR	hipB	0
tdcR	yiaJ	0
tdcR	ompR	0
tdcR	csgD	0
tdcR	rcsB	0
tdcR	bolA	0
tdcR	rstA	0
tdcR	fhlA	0
tdcR	hyfR	0
tdcR	rcsA	0
tdcR	phoP	0
tdcR	treR	0
tdcR	flhD	0
tdcR	lrhA	0
tdcR	qseB	0
tdcR	bdm	0
tdcR	hyfH	0
tdcR	hyfG	0
tdcR	narG	0
tdcR	osmC	0
tdcR	wcaA	0
tdcR	hydN	0
tdcR	hypF	0
tdcR	lyxK	0
tdcR	ftsA	0
tdcR	sgbU	0
tdcR	hycI	0
tdcR	nrfD	0
tdcR	yiaM	0
tdcR	hypA	0
tdcR	sra	0
tdcR	nrfA	0
tdcR	hycE	0
tdcR	yjbG	0
tdcR	wzc	0
tdcR	ompF	0
tdcR	narI	0
tdcR	hycC	0
tdcR	hycD	0
tdcR	wzb	0
tdcR	sgbH	0
tdcR	csgE	0
tdcR	nrfC	0
csgD	ihfB	0
csgD	hipA	0
csgD	yeiL	0
csgD	tdcA	0
csgD	hipB	0
csgD	yiaJ	0
csgD	ompR	0
csgD	tdcR	0
csgD	rcsB	0
csgD	bolA	0
csgD	rstA	0
csgD	fhlA	0
csgD	hyfR	0
csgD	rcsA	0
csgD	phoP	0
csgD	treR	0
csgD	flhD	0
csgD	lrhA	0
csgD	qseB	0
csgD	bdm	0
csgD	hyfH	0
csgD	tdcE	0
csgD	hyfG	0
csgD	narG	0
csgD	osmC	0
csgD	wcaA	0
csgD	hydN	0
csgD	hypF	0
csgD	lyxK	0
csgD	ftsA	0
csgD	sgbU	0
csgD	hycI	0
csgD	nrfD	0
csgD	yiaM	0
csgD	hypA	0
csgD	tdcC	0
csgD	sra	0
csgD	nrfA	0
csgD	hycE	0
csgD	yjbG	0
csgD	wzc	0
csgD	ompF	0
csgD	narI	0
csgD	hycC	0
csgD	hycD	0
csgD	wzb	0
csgD	sgbH	0
csgD	nrfC	0
rcsB	ihfB	0
rcsB	hipA	0
rcsB	yeiL	0
rcsB	tdcA	0
rcsB	hipB	0
rcsB	yiaJ	0
rcsB	ompR	0
rcsB	tdcR	0
rcsB	bolA	0
rcsB	rstA	0
rcsB	fhlA	0
rcsB	hyfR	0
rcsB	phoP	0
rcsB	treR	0
rcsB	lrhA	0
rcsB	qseB	0
rcsB	hyfH	0
rcsB	tdcE	0
rcsB	hyfG	0
rcsB	narG	0
rcsB	hydN	0
rcsB	hypF	0
rcsB	lyxK	0
rcsB	sgbU	0
rcsB	hycI	0
rcsB	nrfD	0
rcsB	yiaM	0
rcsB	hypA	0
rcsB	tdcC	0
rcsB	nrfA	0
rcsB	hycE	0
rcsB	ompF	0
rcsB	narI	0
rcsB	hycC	0
rcsB	hycD	0
rcsB	sgbH	0
rcsB	nrfC	0
bolA	ihfB	0
bolA	hipA	0
bolA	yeiL	0
bolA	tdcA	0
bolA	hipB	0
bolA	yiaJ	0
bolA	ompR	0
bolA	tdcR	0
bolA	csgD	0
bolA	rcsB	0
bolA	rstA	0
bolA	fhlA	0
bolA	hyfR	0
bolA	rcsA	0
bolA	phoP	0
bolA	treR	0
bolA	flhD	0
bolA	lrhA	0
bolA	qseB	0
bolA	bdm	0
bolA	hyfH	0
bolA	tdcE	0
bolA	hyfG	0
bolA	narG	0
bolA	osmC	0
bolA	wcaA	0
bolA	hydN	0
bolA	hypF	0
bolA	lyxK	0
bolA	ftsA	0
bolA	sgbU	0
bolA	hycI	0
bolA	nrfD	0
bolA	yiaM	0
bolA	hypA	0
bolA	tdcC	0
bolA	sra	0
bolA	nrfA	0
bolA	hycE	0
bolA	yjbG	0
bolA	wzc	0
bolA	ompF	0
bolA	narI	0
bolA	hycC	0
bolA	hycD	0
bolA	wzb	0
bolA	sgbH	0
bolA	csgE	0
bolA	nrfC	0
rstA	ihfB	0
rstA	hipA	0
rstA	yeiL	0
rstA	tdcA	0
rstA	hipB	0
rstA	yiaJ	0
rstA	ompR	0
rstA	tdcR	0
rstA	rcsB	0
rstA	bolA	0
rstA	fhlA	0
rstA	hyfR	0
rstA	rcsA	0
rstA	phoP	0
rstA	treR	0
rstA	flhD	0
rstA	lrhA	0
rstA	qseB	0
rstA	bdm	0
rstA	hyfH	0
rstA	tdcE	0
rstA	hyfG	0
rstA	osmC	0
rstA	wcaA	0
rstA	hydN	0
rstA	hypF	0
rstA	lyxK	0
rstA	ftsA	0
rstA	sgbU	0
rstA	hycI	0
rstA	nrfD	0
rstA	yiaM	0
rstA	hypA	0
rstA	tdcC	0
rstA	sra	0
rstA	nrfA	0
rstA	hycE	0
rstA	yjbG	0
rstA	wzc	0
rstA	hycC	0
rstA	hycD	0
rstA	wzb	0
rstA	sgbH	0
rstA	nrfC	0
fhlA	ihfB	0
fhlA	hipA	0
fhlA	yeiL	0
fhlA	tdcA	0
fhlA	hipB	0
fhlA	yiaJ	0
fhlA	ompR	0
fhlA	tdcR	0
fhlA	csgD	0
fhlA	rcsB	0
fhlA	bolA	0
fhlA	rstA	0
fhlA	rcsA	0
fhlA	phoP	0
fhlA	treR	0
fhlA	flhD	0
fhlA	lrhA	0
fhlA	qseB	0
fhlA	bdm	0
fhlA	tdcE	0
fhlA	narG	0
fhlA	osmC	0
fhlA	wcaA	0
fhlA	lyxK	0
fhlA	ftsA	0
fhlA	sgbU	0
fhlA	nrfD	0
fhlA	yiaM	0
fhlA	tdcC	0
fhlA	sra	0
fhlA	nrfA	0
fhlA	yjbG	0
fhlA	wzc	0
fhlA	ompF	0
fhlA	narI	0
fhlA	wzb	0
fhlA	sgbH	0
fhlA	csgE	0
fhlA	nrfC	0
hyfR	ihfB	0
hyfR	hipA	0
hyfR	yeiL	0
hyfR	tdcA	0
hyfR	hipB	0
hyfR	yiaJ	0
hyfR	ompR	0
hyfR	tdcR	0
hyfR	csgD	0
hyfR	rcsB	0
hyfR	bolA	0
hyfR	rstA	0
hyfR	fhlA	0
hyfR	rcsA	0
hyfR	phoP	0
hyfR	treR	0
hyfR	flhD	0
hyfR	lrhA	0
hyfR	qseB	0
hyfR	bdm	0
hyfR	tdcE	0
hyfR	narG	0
hyfR	osmC	0
hyfR	wcaA	0
hyfR	hydN	0
hyfR	hypF	0
hyfR	lyxK	0
hyfR	ftsA	0
hyfR	sgbU	0
hyfR	hycI	0
hyfR	nrfD	0
hyfR	yiaM	0
hyfR	hypA	0
hyfR	tdcC	0
hyfR	sra	0
hyfR	nrfA	0
hyfR	hycE	0
hyfR	yjbG	0
hyfR	wzc	0
hyfR	ompF	0
hyfR	narI	0
hyfR	hycC	0
hyfR	hycD	0
hyfR	wzb	0
hyfR	sgbH	0
hyfR	csgE	0
hyfR	nrfC	0
rcsA	ihfB	0
rcsA	hipA	0
rcsA	yeiL	0
rcsA	tdcA	0
rcsA	hipB	0
rcsA	yiaJ	0
rcsA	ompR	0
rcsA	tdcR	0
rcsA	rcsB	0
rcsA	bolA	0
rcsA	rstA	0
rcsA	fhlA	0
rcsA	hyfR	0
rcsA	phoP	0
rcsA	treR	0
rcsA	lrhA	0
rcsA	qseB	0
rcsA	hyfH	0
rcsA	tdcE	0
rcsA	hyfG	0
rcsA	narG	0
rcsA	hydN	0
rcsA	hypF	0
rcsA	lyxK	0
rcsA	sgbU	0
rcsA	hycI	0
rcsA	nrfD	0
rcsA	yiaM	0
rcsA	hypA	0
rcsA	tdcC	0
rcsA	nrfA	0
rcsA	hycE	0
rcsA	ompF	0
rcsA	narI	0
rcsA	hycC	0
rcsA	hycD	0
rcsA	sgbH	0
rcsA	nrfC	0
phoP	ihfB	0
phoP	hipA	0
phoP	yeiL	0
phoP	tdcA	0
phoP	hipB	0
phoP	yiaJ	0
phoP	ompR	0
phoP	tdcR	0
phoP	csgD	0
phoP	rcsB	0
phoP	bolA	0
phoP	fhlA	0
phoP	hyfR	0
phoP	rcsA	0
phoP	flhD	0
phoP	lrhA	0
phoP	qseB	0
phoP	bdm	0
phoP	hyfH	0
phoP	tdcE	0
phoP	hyfG	0
phoP	narG	0
phoP	osmC	0
phoP	wcaA	0
phoP	hydN	0
phoP	hypF	0
phoP	lyxK	0
phoP	ftsA	0
phoP	sgbU	0
phoP	hycI	0
phoP	nrfD	0
phoP	yiaM	0
phoP	hypA	0
phoP	tdcC	0
phoP	sra	0
phoP	nrfA	0
phoP	hycE	0
phoP	yjbG	0
phoP	wzc	0
phoP	ompF	0
phoP	narI	0
phoP	hycC	0
phoP	hycD	0
phoP	wzb	0
phoP	sgbH	0
phoP	csgE	0
phoP	nrfC	0
treR	ihfB	0
treR	hipA	0
treR	yeiL	0
treR	tdcA	0
treR	hipB	0
treR	yiaJ	0
treR	ompR	0
treR	tdcR	0
treR	csgD	0
treR	rcsB	0
treR	bolA	0
treR	rstA	0
treR	fhlA	0
treR	hyfR	0
treR	rcsA	0
treR	phoP	0
treR	flhD	0
treR	lrhA	0
treR	qseB	0
treR	bdm	0
treR	hyfH	0
treR	tdcE	0
treR	hyfG	0
treR	narG	0
treR	osmC	0
treR	wcaA	0
treR	hydN	0
treR	hypF	0
treR	lyxK	0
treR	ftsA	0
treR	sgbU	0
treR	hycI	0
treR	nrfD	0
treR	yiaM	0
treR	hypA	0
treR	tdcC	0
treR	sra	0
treR	nrfA	0
treR	hycE	0
treR	yjbG	0
treR	wzc	0
treR	ompF	0
treR	narI	0
treR	hycC	0
treR	hycD	0
treR	wzb	0
treR	sgbH	0
treR	csgE	0
treR	nrfC	0
flhD	ihfB	0
flhD	hipA	0
flhD	yeiL	0
flhD	tdcA	0
flhD	hipB	0
flhD	yiaJ	0
flhD	ompR	0
flhD	tdcR	0
flhD	csgD	0
flhD	rcsB	0
flhD	bolA	0
flhD	rstA	0
flhD	fhlA	0
flhD	hyfR	0
flhD	rcsA	0
flhD	phoP	0
flhD	treR	0
flhD	lrhA	0
flhD	qseB	0
flhD	bdm	0
flhD	hyfH	0
flhD	tdcE	0
flhD	hyfG	0
flhD	narG	0
flhD	osmC	0
flhD	wcaA	0
flhD	lyxK	0
flhD	ftsA	0
flhD	sgbU	0
flhD	hycI	0
flhD	yiaM	0
flhD	hypA	0
flhD	tdcC	0
flhD	sra	0
flhD	hycE	0
flhD	yjbG	0
flhD	wzc	0
flhD	ompF	0
flhD	narI	0
flhD	hycC	0
flhD	hycD	0
flhD	wzb	0
flhD	sgbH	0
flhD	csgE	0
lrhA	ihfB	0
lrhA	hipA	0
lrhA	yeiL	0
lrhA	tdcA	0
lrhA	hipB	0
lrhA	yiaJ	0
lrhA	ompR	0
lrhA	tdcR	0
lrhA	csgD	0
lrhA	rcsB	0
lrhA	bolA	0
lrhA	rstA	0
lrhA	fhlA	0
lrhA	hyfR	0
lrhA	rcsA	0
lrhA	phoP	0
lrhA	treR	0
lrhA	qseB	0
lrhA	bdm	0
lrhA	hyfH	0
lrhA	tdcE	0
lrhA	hyfG	0
lrhA	narG	0
lrhA	osmC	0
lrhA	wcaA	0
lrhA	hydN	0
lrhA	hypF	0
lrhA	lyxK	0
lrhA	ftsA	0
lrhA	sgbU	0
lrhA	hycI	0
lrhA	nrfD	0
lrhA	yiaM	0
lrhA	hypA	0
lrhA	tdcC	0
lrhA	sra	0
lrhA	nrfA	0
lrhA	hycE	0
lrhA	yjbG	0
lrhA	wzc	0
lrhA	ompF	0
lrhA	narI	0
lrhA	hycC	0
lrhA	hycD	0
lrhA	wzb	0
lrhA	sgbH	0
lrhA	csgE	0
lrhA	nrfC	0
qseB	ihfB	0
qseB	hipA	0
qseB	yeiL	0
qseB	tdcA	0
qseB	hipB	0
qseB	yiaJ	0
qseB	ompR	0
qseB	tdcR	0
qseB	csgD	0
qseB	rcsB	0
qseB	bolA	0
qseB	rstA	0
qseB	fhlA	0
qseB	hyfR	0
qseB	rcsA	0
qseB	phoP	0
qseB	treR	0
qseB	lrhA	0
qseB	bdm	0
qseB	hyfH	0
qseB	tdcE	0
qseB	hyfG	0
qseB	narG	0
qseB	osmC	0
qseB	wcaA	0
qseB	hydN	0
qseB	hypF	0
qseB	lyxK	0
qseB	ftsA	0
qseB	sgbU	0
qseB	hycI	0
qseB	nrfD	0
qseB	yiaM	0
qseB	hypA	0
qseB	tdcC	0
qseB	sra	0
qseB	nrfA	0
qseB	hycE	0
qseB	yjbG	0
qseB	wzc	0
qseB	ompF	0
qseB	narI	0
qseB	hycC	0
qseB	hycD	0
qseB	wzb	0
qseB	sgbH	0
qseB	csgE	0
qseB	nrfC	0
bdm	ihfB	0
bdm	hipA	0
bdm	yeiL	0
bdm	tdcA	0
bdm	hipB	0
bdm	yiaJ	0
bdm	ompR	0
bdm	tdcR	0
bdm	csgD	0
bdm	rcsB	0
bdm	bolA	0
bdm	rstA	0
bdm	fhlA	0
bdm	hyfR	0
bdm	rcsA	0
bdm	phoP	0
bdm	treR	0
bdm	flhD	0
bdm	lrhA	0
bdm	qseB	0
bdm	hyfH	0
bdm	tdcE	0
bdm	hyfG	0
bdm	narG	0
bdm	osmC	0
bdm	wcaA	0
bdm	hydN	0
bdm	hypF	0
bdm	lyxK	0
bdm	ftsA	0
bdm	sgbU	0
bdm	hycI	0
bdm	nrfD	0
bdm	yiaM	0
bdm	hypA	0
bdm	tdcC	0
bdm	sra	0
bdm	nrfA	0
bdm	hycE	0
bdm	yjbG	0
bdm	wzc	0
bdm	ompF	0
bdm	narI	0
bdm	hycC	0
bdm	hycD	0
bdm	wzb	0
bdm	sgbH	0
bdm	csgE	0
bdm	nrfC	0
hyfH	ihfB	0
hyfH	hipA	0
hyfH	yeiL	0
hyfH	tdcA	0
hyfH	hipB	0
hyfH	yiaJ	0
hyfH	ompR	0
hyfH	tdcR	0
hyfH	csgD	0
hyfH	rcsB	0
hyfH	bolA	0
hyfH	rstA	0
hyfH	fhlA	0
hyfH	hyfR	0
hyfH	rcsA	0
hyfH	phoP	0
hyfH	treR	0
hyfH	flhD	0
hyfH	lrhA	0
hyfH	qseB	0
hyfH	bdm	0
hyfH	tdcE	0
hyfH	hyfG	0
hyfH	narG	0
hyfH	osmC	0
hyfH	wcaA	0
hyfH	hydN	0
hyfH	hypF	0
hyfH	lyxK	0
hyfH	ftsA	0
hyfH	sgbU	0
hyfH	hycI	0
hyfH	nrfD	0
hyfH	yiaM	0
hyfH	hypA	0
hyfH	tdcC	0
hyfH	sra	0
hyfH	nrfA	0
hyfH	hycE	0
hyfH	yjbG	0
hyfH	wzc	0
hyfH	ompF	0
hyfH	narI	0
hyfH	hycC	0
hyfH	hycD	0
hyfH	wzb	0
hyfH	sgbH	0
hyfH	csgE	0
hyfH	nrfC	0
tdcE	ihfB	0
tdcE	hipA	0
tdcE	yeiL	0
tdcE	tdcA	0
tdcE	hipB	0
tdcE	yiaJ	0
tdcE	ompR	0
tdcE	tdcR	0
tdcE	csgD	0
tdcE	rcsB	0
tdcE	bolA	0
tdcE	rstA	0
tdcE	fhlA	0
tdcE	hyfR	0
tdcE	rcsA	0
tdcE	phoP	0
tdcE	treR	0
tdcE	flhD	0
tdcE	lrhA	0
tdcE	qseB	0
tdcE	bdm	0
tdcE	hyfH	0
tdcE	hyfG	0
tdcE	narG	0
tdcE	osmC	0
tdcE	wcaA	0
tdcE	hydN	0
tdcE	hypF	0
tdcE	lyxK	0
tdcE	ftsA	0
tdcE	sgbU	0
tdcE	hycI	0
tdcE	nrfD	0
tdcE	yiaM	0
tdcE	hypA	0
tdcE	tdcC	0
tdcE	sra	0
tdcE	nrfA	0
tdcE	hycE	0
tdcE	yjbG	0
tdcE	wzc	0
tdcE	ompF	0
tdcE	narI	0
tdcE	hycC	0
tdcE	hycD	0
tdcE	wzb	0
tdcE	sgbH	0
tdcE	csgE	0
tdcE	nrfC	0
hyfG	ihfB	0
hyfG	hipA	0
hyfG	yeiL	0
hyfG	tdcA	0
hyfG	hipB	0
hyfG	yiaJ	0
hyfG	ompR	0
hyfG	tdcR	0
hyfG	csgD	0
hyfG	rcsB	0
hyfG	bolA	0
hyfG	rstA	0
hyfG	fhlA	0
hyfG	hyfR	0
hyfG	rcsA	0
hyfG	phoP	0
hyfG	treR	0
hyfG	flhD	0
hyfG	lrhA	0
hyfG	qseB	0
hyfG	bdm	0
hyfG	hyfH	0
hyfG	tdcE	0
hyfG	narG	0
hyfG	osmC	0
hyfG	wcaA	0
hyfG	hydN	0
hyfG	hypF	0
hyfG	lyxK	0
hyfG	ftsA	0
hyfG	sgbU	0
hyfG	hycI	0
hyfG	nrfD	0
hyfG	yiaM	0
hyfG	hypA	0
hyfG	tdcC	0
hyfG	sra	0
hyfG	nrfA	0
hyfG	hycE	0
hyfG	yjbG	0
hyfG	wzc	0
hyfG	ompF	0
hyfG	narI	0
hyfG	hycC	0
hyfG	hycD	0
hyfG	wzb	0
hyfG	sgbH	0
hyfG	csgE	0
hyfG	nrfC	0
narG	ihfB	0
narG	hipA	0
narG	yeiL	0
narG	tdcA	0
narG	hipB	0
narG	yiaJ	0
narG	ompR	0
narG	tdcR	0
narG	csgD	0
narG	rcsB	0
narG	bolA	0
narG	rstA	0
narG	fhlA	0
narG	hyfR	0
narG	rcsA	0
narG	phoP	0
narG	treR	0
narG	flhD	0
narG	lrhA	0
narG	qseB	0
narG	bdm	0
narG	hyfH	0
narG	tdcE	0
narG	hyfG	0
narG	osmC	0
narG	wcaA	0
narG	hydN	0
narG	hypF	0
narG	lyxK	0
narG	ftsA	0
narG	sgbU	0
narG	hycI	0
narG	nrfD	0
narG	yiaM	0
narG	hypA	0
narG	tdcC	0
narG	sra	0
narG	nrfA	0
narG	hycE	0
narG	yjbG	0
narG	wzc	0
narG	ompF	0
narG	narI	0
narG	hycC	0
narG	hycD	0
narG	wzb	0
narG	sgbH	0
narG	csgE	0
narG	nrfC	0
osmC	ihfB	0
osmC	hipA	0
osmC	yeiL	0
osmC	tdcA	0
osmC	hipB	0
osmC	yiaJ	0
osmC	ompR	0
osmC	tdcR	0
osmC	csgD	0
osmC	rcsB	0
osmC	bolA	0
osmC	rstA	0
osmC	fhlA	0
osmC	hyfR	0
osmC	rcsA	0
osmC	phoP	0
osmC	treR	0
osmC	flhD	0
osmC	lrhA	0
osmC	qseB	0
osmC	bdm	0
osmC	hyfH	0
osmC	tdcE	0
osmC	hyfG	0
osmC	narG	0
osmC	wcaA	0
osmC	hydN	0
osmC	hypF	0
osmC	lyxK	0
osmC	ftsA	0
osmC	sgbU	0
osmC	hycI	0
osmC	nrfD	0
osmC	yiaM	0
osmC	hypA	0
osmC	tdcC	0
osmC	sra	0
osmC	nrfA	0
osmC	hycE	0
osmC	yjbG	0
osmC	wzc	0
osmC	ompF	0
osmC	narI	0
osmC	hycC	0
osmC	hycD	0
osmC	wzb	0
osmC	sgbH	0
osmC	csgE	0
osmC	nrfC	0
wcaA	ihfB	0
wcaA	hipA	0
wcaA	yeiL	0
wcaA	tdcA	0
wcaA	hipB	0
wcaA	yiaJ	0
wcaA	ompR	0
wcaA	tdcR	0
wcaA	csgD	0
wcaA	rcsB	0
wcaA	bolA	0
wcaA	rstA	0
wcaA	fhlA	0
wcaA	hyfR	0
wcaA	rcsA	0
wcaA	phoP	0
wcaA	treR	0
wcaA	flhD	0
wcaA	lrhA	0
wcaA	qseB	0
wcaA	bdm	0
wcaA	hyfH	0
wcaA	tdcE	0
wcaA	hyfG	0
wcaA	narG	0
wcaA	osmC	0
wcaA	hydN	0
wcaA	hypF	0
wcaA	lyxK	0
wcaA	ftsA	0
wcaA	sgbU	0
wcaA	hycI	0
wcaA	nrfD	0
wcaA	yiaM	0
wcaA	hypA	0
wcaA	tdcC	0
wcaA	sra	0
wcaA	nrfA	0
wcaA	hycE	0
wcaA	yjbG	0
wcaA	wzc	0
wcaA	ompF	0
wcaA	narI	0
wcaA	hycC	0
wcaA	hycD	0
wcaA	wzb	0
wcaA	sgbH	0
wcaA	csgE	0
wcaA	nrfC	0
hydN	ihfB	0
hydN	hipA	0
hydN	yeiL	0
hydN	tdcA	0
hydN	hipB	0
hydN	yiaJ	0
hydN	ompR	0
hydN	tdcR	0
hydN	csgD	0
hydN	rcsB	0
hydN	bolA	0
hydN	rstA	0
hydN	fhlA	0
hydN	hyfR	0
hydN	rcsA	0
hydN	phoP	0
hydN	treR	0
hydN	flhD	0
hydN	lrhA	0
hydN	qseB	0
hydN	bdm	0
hydN	hyfH	0
hydN	tdcE	0
hydN	hyfG	0
hydN	narG	0
hydN	osmC	0
hydN	wcaA	0
hydN	hypF	0
hydN	lyxK	0
hydN	ftsA	0
hydN	sgbU	0
hydN	hycI	0
hydN	nrfD	0
hydN	yiaM	0
hydN	hypA	0
hydN	tdcC	0
hydN	sra	0
hydN	nrfA	0
hydN	hycE	0
hydN	yjbG	0
hydN	wzc	0
hydN	ompF	0
hydN	narI	0
hydN	hycC	0
hydN	hycD	0
hydN	wzb	0
hydN	sgbH	0
hydN	csgE	0
hydN	nrfC	0
hypF	ihfB	0
hypF	hipA	0
hypF	yeiL	0
hypF	tdcA	0
hypF	hipB	0
hypF	yiaJ	0
hypF	ompR	0
hypF	tdcR	0
hypF	csgD	0
hypF	rcsB	0
hypF	bolA	0
hypF	rstA	0
hypF	fhlA	0
hypF	hyfR	0
hypF	rcsA	0
hypF	phoP	0
hypF	treR	0
hypF	flhD	0
hypF	lrhA	0
hypF	qseB	0
hypF	bdm	0
hypF	hyfH	0
hypF	tdcE	0
hypF	hyfG	0
hypF	narG	0
hypF	osmC	0
hypF	wcaA	0
hypF	hydN	0
hypF	lyxK	0
hypF	ftsA	0
hypF	sgbU	0
hypF	hycI	0
hypF	nrfD	0
hypF	yiaM	0
hypF	hypA	0
hypF	tdcC	0
hypF	sra	0
hypF	nrfA	0
hypF	hycE	0
hypF	yjbG	0
hypF	wzc	0
hypF	ompF	0
hypF	narI	0
hypF	hycC	0
hypF	hycD	0
hypF	wzb	0
hypF	sgbH	0
hypF	csgE	0
hypF	nrfC	0
lyxK	ihfB	0
lyxK	hipA	0
lyxK	yeiL	0
lyxK	tdcA	0
lyxK	hipB	0
lyxK	yiaJ	0
lyxK	ompR	0
lyxK	tdcR	0
lyxK	csgD	0
lyxK	rcsB	0
lyxK	bolA	0
lyxK	rstA	0
lyxK	fhlA	0
lyxK	hyfR	0
lyxK	rcsA	0
lyxK	phoP	0
lyxK	treR	0
lyxK	flhD	0
lyxK	lrhA	0
lyxK	qseB	0
lyxK	bdm	0
lyxK	hyfH	0
lyxK	tdcE	0
lyxK	hyfG	0
lyxK	narG	0
lyxK	osmC	0
lyxK	wcaA	0
lyxK	hydN	0
lyxK	hypF	0
lyxK	ftsA	0
lyxK	sgbU	0
lyxK	hycI	0
lyxK	nrfD	0
lyxK	yiaM	0
lyxK	hypA	0
lyxK	tdcC	0
lyxK	sra	0
lyxK	nrfA	0
lyxK	hycE	0
lyxK	yjbG	0
lyxK	wzc	0
lyxK	ompF	0
lyxK	narI	0
lyxK	hycC	0
lyxK	hycD	0
lyxK	wzb	0
lyxK	sgbH	0
lyxK	csgE	0
lyxK	nrfC	0
ftsA	ihfB	0
ftsA	hipA	0
ftsA	yeiL	0
ftsA	tdcA	0
ftsA	hipB	0
ftsA	yiaJ	0
ftsA	ompR	0
ftsA	tdcR	0
ftsA	csgD	0
ftsA	rcsB	0
ftsA	bolA	0
ftsA	rstA	0
ftsA	fhlA	0
ftsA	hyfR	0
ftsA	rcsA	0
ftsA	phoP	0
ftsA	treR	0
ftsA	flhD	0
ftsA	lrhA	0
ftsA	qseB	0
ftsA	bdm	0
ftsA	hyfH	0
ftsA	tdcE	0
ftsA	hyfG	0
ftsA	narG	0
ftsA	osmC	0
ftsA	wcaA	0
ftsA	hydN	0
ftsA	hypF	0
ftsA	lyxK	0
ftsA	sgbU	0
ftsA	hycI	0
ftsA	nrfD	0
ftsA	yiaM	0
ftsA	hypA	0
ftsA	tdcC	0
ftsA	sra	0
ftsA	nrfA	0
ftsA	hycE	0
ftsA	yjbG	0
ftsA	wzc	0
ftsA	ompF	0
ftsA	narI	0
ftsA	hycC	0
ftsA	hycD	0
ftsA	wzb	0
ftsA	sgbH	0
ftsA	csgE	0
ftsA	nrfC	0
sgbU	ihfB	0
sgbU	hipA	0
sgbU	yeiL	0
sgbU	tdcA	0
sgbU	hipB	0
sgbU	yiaJ	0
sgbU	ompR	0
sgbU	tdcR	0
sgbU	csgD	0
sgbU	rcsB	0
sgbU	bolA	0
sgbU	rstA	0
sgbU	fhlA	0
sgbU	hyfR	0
sgbU	rcsA	0
sgbU	phoP	0
sgbU	treR	0
sgbU	flhD	0
sgbU	lrhA	0
sgbU	qseB	0
sgbU	bdm	0
sgbU	hyfH	0
sgbU	tdcE	0
sgbU	hyfG	0
sgbU	narG	0
sgbU	osmC	0
sgbU	wcaA	0
sgbU	hydN	0
sgbU	hypF	0
sgbU	lyxK	0
sgbU	ftsA	0
sgbU	hycI	0
sgbU	nrfD	0
sgbU	yiaM	0
sgbU	hypA	0
sgbU	tdcC	0
sgbU	sra	0
sgbU	nrfA	0
sgbU	hycE	0
sgbU	yjbG	0
sgbU	wzc	0
sgbU	ompF	0
sgbU	narI	0
sgbU	hycC	0
sgbU	hycD	0
sgbU	wzb	0
sgbU	sgbH	0
sgbU	csgE	0
sgbU	nrfC	0
hycI	ihfB	0
hycI	hipA	0
hycI	yeiL	0
hycI	tdcA	0
hycI	hipB	0
hycI	yiaJ	0
hycI	ompR	0
hycI	tdcR	0
hycI	csgD	0
hycI	rcsB	0
hycI	bolA	0
hycI	rstA	0
hycI	fhlA	0
hycI	hyfR	0
hycI	rcsA	0
hycI	phoP	0
hycI	treR	0
hycI	flhD	0
hycI	lrhA	0
hycI	qseB	0
hycI	bdm	0
hycI	hyfH	0
hycI	tdcE	0
hycI	hyfG	0
hycI	narG	0
hycI	osmC	0
hycI	wcaA	0
hycI	hydN	0
hycI	hypF	0
hycI	lyxK	0
hycI	ftsA	0
hycI	sgbU	0
hycI	nrfD	0
hycI	yiaM	0
hycI	hypA	0
hycI	tdcC	0
hycI	sra	0
hycI	nrfA	0
hycI	hycE	0
hycI	yjbG	0
hycI	wzc	0
hycI	ompF	0
hycI	narI	0
hycI	hycC	0
hycI	hycD	0
hycI	wzb	0
hycI	sgbH	0
hycI	csgE	0
hycI	nrfC	0
nrfD	ihfB	0
nrfD	hipA	0
nrfD	yeiL	0
nrfD	tdcA	0
nrfD	hipB	0
nrfD	yiaJ	0
nrfD	ompR	0
nrfD	tdcR	0
nrfD	csgD	0
nrfD	rcsB	0
nrfD	bolA	0
nrfD	rstA	0
nrfD	fhlA	0
nrfD	hyfR	0
nrfD	rcsA	0
nrfD	phoP	0
nrfD	treR	0
nrfD	flhD	0
nrfD	lrhA	0
nrfD	qseB	0
nrfD	bdm	0
nrfD	hyfH	0
nrfD	tdcE	0
nrfD	hyfG	0
nrfD	narG	0
nrfD	osmC	0
nrfD	wcaA	0
nrfD	hydN	0
nrfD	hypF	0
nrfD	lyxK	0
nrfD	ftsA	0
nrfD	sgbU	0
nrfD	hycI	0
nrfD	yiaM	0
nrfD	hypA	0
nrfD	tdcC	0
nrfD	sra	0
nrfD	nrfA	0
nrfD	hycE	0
nrfD	yjbG	0
nrfD	wzc	0
nrfD	ompF	0
nrfD	narI	0
nrfD	hycC	0
nrfD	hycD	0
nrfD	wzb	0
nrfD	sgbH	0
nrfD	csgE	0
nrfD	nrfC	0
yiaM	ihfB	0
yiaM	hipA	0
yiaM	yeiL	0
yiaM	tdcA	0
yiaM	hipB	0
yiaM	yiaJ	0
yiaM	ompR	0
yiaM	tdcR	0
yiaM	csgD	0
yiaM	rcsB	0
yiaM	bolA	0
yiaM	rstA	0
yiaM	fhlA	0
yiaM	hyfR	0
yiaM	rcsA	0
yiaM	phoP	0
yiaM	treR	0
yiaM	flhD	0
yiaM	lrhA	0
yiaM	qseB	0
yiaM	bdm	0
yiaM	hyfH	0
yiaM	tdcE	0
yiaM	hyfG	0
yiaM	narG	0
yiaM	osmC	0
yiaM	wcaA	0
yiaM	hydN	0
yiaM	hypF	0
yiaM	lyxK	0
yiaM	ftsA	0
yiaM	sgbU	0
yiaM	hycI	0
yiaM	nrfD	0
yiaM	hypA	0
yiaM	tdcC	0
yiaM	sra	0
yiaM	nrfA	0
yiaM	hycE	0
yiaM	yjbG	0
yiaM	wzc	0
yiaM	ompF	0
yiaM	narI	0
yiaM	hycC	0
yiaM	hycD	0
yiaM	wzb	0
yiaM	sgbH	0
yiaM	csgE	0
yiaM	nrfC	0
hypA	ihfB	0
hypA	hipA	0
hypA	yeiL	0
hypA	tdcA	0
hypA	hipB	0
hypA	yiaJ	0
hypA	ompR	0
hypA	tdcR	0
hypA	csgD	0
hypA	rcsB	0
hypA	bolA	0
hypA	rstA	0
hypA	fhlA	0
hypA	hyfR	0
hypA	rcsA	0
hypA	phoP	0
hypA	treR	0
hypA	flhD	0
hypA	lrhA	0
hypA	qseB	0
hypA	bdm	0
hypA	hyfH	0
hypA	tdcE	0
hypA	hyfG	0
hypA	narG	0
hypA	osmC	0
hypA	wcaA	0
hypA	hydN	0
hypA	hypF	0
hypA	lyxK	0
hypA	ftsA	0
hypA	sgbU	0
hypA	hycI	0
hypA	nrfD	0
hypA	yiaM	0
hypA	tdcC	0
hypA	sra	0
hypA	nrfA	0
hypA	hycE	0
hypA	yjbG	0
hypA	wzc	0
hypA	ompF	0
hypA	narI	0
hypA	hycC	0
hypA	hycD	0
hypA	wzb	0
hypA	sgbH	0
hypA	csgE	0
hypA	nrfC	0
tdcC	ihfB	0
tdcC	hipA	0
tdcC	yeiL	0
tdcC	tdcA	0
tdcC	hipB	0
tdcC	yiaJ	0
tdcC	ompR	0
tdcC	tdcR	0
tdcC	csgD	0
tdcC	rcsB	0
tdcC	bolA	0
tdcC	rstA	0
tdcC	fhlA	0
tdcC	hyfR	0
tdcC	rcsA	0
tdcC	phoP	0
tdcC	treR	0
tdcC	flhD	0
tdcC	lrhA	0
tdcC	qseB	0
tdcC	bdm	0
tdcC	hyfH	0
tdcC	tdcE	0
tdcC	hyfG	0
tdcC	narG	0
tdcC	osmC	0
tdcC	wcaA	0
tdcC	hydN	0
tdcC	hypF	0
tdcC	lyxK	0
tdcC	ftsA	0
tdcC	sgbU	0
tdcC	hycI	0
tdcC	nrfD	0
tdcC	yiaM	0
tdcC	hypA	0
tdcC	sra	0
tdcC	nrfA	0
tdcC	hycE	0
tdcC	yjbG	0
tdcC	wzc	0
tdcC	ompF	0
tdcC	narI	0
tdcC	hycC	0
tdcC	hycD	0
tdcC	wzb	0
tdcC	sgbH	0
tdcC	csgE	0
tdcC	nrfC	0
sra	ihfB	0
sra	hipA	0
sra	yeiL	0
sra	tdcA	0
sra	hipB	0
sra	yiaJ	0
sra	ompR	0
sra	tdcR	0
sra	csgD	0
sra	rcsB	0
sra	bolA	0
sra	rstA	0
sra	fhlA	0
sra	hyfR	0
sra	rcsA	0
sra	phoP	0
sra	treR	0
sra	flhD	0
sra	lrhA	0
sra	qseB	0
sra	bdm	0
sra	hyfH	0
sra	tdcE	0
sra	hyfG	0
sra	narG	0
sra	osmC	0
sra	wcaA	0
sra	hydN	0
sra	hypF	0
sra	lyxK	0
sra	ftsA	0
sra	sgbU	0
sra	hycI	0
sra	nrfD	0
sra	yiaM	0
sra	hypA	0
sra	tdcC	0
sra	nrfA	0
sra	hycE	0
sra	yjbG	0
sra	wzc	0
sra	ompF	0
sra	narI	0
sra	hycC	0
sra	hycD	0
sra	wzb	0
sra	sgbH	0
sra	csgE	0
sra	nrfC	0
nrfA	ihfB	0
nrfA	hipA	0
nrfA	yeiL	0
nrfA	tdcA	0
nrfA	hipB	0
nrfA	yiaJ	0
nrfA	ompR	0
nrfA	tdcR	0
nrfA	csgD	0
nrfA	rcsB	0
nrfA	bolA	0
nrfA	rstA	0
nrfA	fhlA	0
nrfA	hyfR	0
nrfA	rcsA	0
nrfA	phoP	0
nrfA	treR	0
nrfA	flhD	0
nrfA	lrhA	0
nrfA	qseB	0
nrfA	bdm	0
nrfA	hyfH	0
nrfA	tdcE	0
nrfA	hyfG	0
nrfA	narG	0
nrfA	osmC	0
nrfA	wcaA	0
nrfA	hydN	0
nrfA	hypF	0
nrfA	lyxK	0
nrfA	ftsA	0
nrfA	sgbU	0
nrfA	hycI	0
nrfA	nrfD	0
nrfA	yiaM	0
nrfA	hypA	0
nrfA	tdcC	0
nrfA	sra	0
nrfA	hycE	0
nrfA	yjbG	0
nrfA	wzc	0
nrfA	ompF	0
nrfA	narI	0
nrfA	hycC	0
nrfA	hycD	0
nrfA	wzb	0
nrfA	sgbH	0
nrfA	csgE	0
nrfA	nrfC	0
hycE	ihfB	0
hycE	hipA	0
hycE	yeiL	0
hycE	tdcA	0
hycE	hipB	0
hycE	yiaJ	0
hycE	ompR	0
hycE	tdcR	0
hycE	csgD	0
hycE	rcsB	0
hycE	bolA	0
hycE	rstA	0
hycE	fhlA	0
hycE	hyfR	0
hycE	rcsA	0
hycE	phoP	0
hycE	treR	0
hycE	flhD	0
hycE	lrhA	0
hycE	qseB	0
hycE	bdm	0
hycE	hyfH	0
hycE	tdcE	0
hycE	hyfG	0
hycE	narG	0
hycE	osmC	0
hycE	wcaA	0
hycE	hydN	0
hycE	hypF	0
hycE	lyxK	0
hycE	ftsA	0
hycE	sgbU	0
hycE	hycI	0
hycE	nrfD	0
hycE	yiaM	0
hycE	hypA	0
hycE	tdcC	0
hycE	sra	0
hycE	nrfA	0
hycE	yjbG	0
hycE	wzc	0
hycE	ompF	0
hycE	narI	0
hycE	hycC	0
hycE	hycD	0
hycE	wzb	0
hycE	sgbH	0
hycE	csgE	0
hycE	nrfC	0
yjbG	ihfB	0
yjbG	hipA	0
yjbG	yeiL	0
yjbG	tdcA	0
yjbG	hipB	0
yjbG	yiaJ	0
yjbG	ompR	0
yjbG	tdcR	0
yjbG	csgD	0
yjbG	rcsB	0
yjbG	bolA	0
yjbG	rstA	0
yjbG	fhlA	0
yjbG	hyfR	0
yjbG	rcsA	0
yjbG	phoP	0
yjbG	treR	0
yjbG	flhD	0
yjbG	lrhA	0
yjbG	qseB	0
yjbG	bdm	0
yjbG	hyfH	0
yjbG	tdcE	0
yjbG	hyfG	0
yjbG	narG	0
yjbG	osmC	0
yjbG	wcaA	0
yjbG	hydN	0
yjbG	hypF	0
yjbG	lyxK	0
yjbG	ftsA	0
yjbG	sgbU	0
yjbG	hycI	0
yjbG	nrfD	0
yjbG	yiaM	0
yjbG	hypA	0
yjbG	tdcC	0
yjbG	sra	0
yjbG	nrfA	0
yjbG	hycE	0
yjbG	wzc	0
yjbG	ompF	0
yjbG	narI	0
yjbG	hycC	0
yjbG	hycD	0
yjbG	wzb	0
yjbG	sgbH	0
yjbG	csgE	0
yjbG	nrfC	0
wzc	ihfB	0
wzc	hipA	0
wzc	yeiL	0
wzc	tdcA	0
wzc	hipB	0
wzc	yiaJ	0
wzc	ompR	0
wzc	tdcR	0
wzc	csgD	0
wzc	rcsB	0
wzc	bolA	0
wzc	rstA	0
wzc	fhlA	0
wzc	hyfR	0
wzc	rcsA	0
wzc	phoP	0
wzc	treR	0
wzc	flhD	0
wzc	lrhA	0
wzc	qseB	0
wzc	bdm	0
wzc	hyfH	0
wzc	tdcE	0
wzc	hyfG	0
wzc	narG	0
wzc	osmC	0
wzc	wcaA	0
wzc	hydN	0
wzc	hypF	0
wzc	lyxK	0
wzc	ftsA	0
wzc	sgbU	0
wzc	hycI	0
wzc	nrfD	0
wzc	yiaM	0
wzc	hypA	0
wzc	tdcC	0
wzc	sra	0
wzc	nrfA	0
wzc	hycE	0
wzc	yjbG	0
wzc	ompF	0
wzc	narI	0
wzc	hycC	0
wzc	hycD	0
wzc	wzb	0
wzc	sgbH	0
wzc	csgE	0
wzc	nrfC	0
ompF	ihfB	0
ompF	hipA	0
ompF	yeiL	0
ompF	tdcA	0
ompF	hipB	0
ompF	yiaJ	0
ompF	ompR	0
ompF	tdcR	0
ompF	csgD	0
ompF	rcsB	0
ompF	bolA	0
ompF	rstA	0
ompF	fhlA	0
ompF	hyfR	0
ompF	rcsA	0
ompF	phoP	0
ompF	treR	0
ompF	flhD	0
ompF	lrhA	0
ompF	qseB	0
ompF	bdm	0
ompF	hyfH	0
ompF	tdcE	0
ompF	hyfG	0
ompF	narG	0
ompF	osmC	0
ompF	wcaA	0
ompF	hydN	0
ompF	hypF	0
ompF	lyxK	0
ompF	ftsA	0
ompF	sgbU	0
ompF	hycI	0
ompF	nrfD	0
ompF	yiaM	0
ompF	hypA	0
ompF	tdcC	0
ompF	sra	0
ompF	nrfA	0
ompF	hycE	0
ompF	yjbG	0
ompF	wzc	0
ompF	narI	0
ompF	hycC	0
ompF	hycD	0
ompF	wzb	0
ompF	sgbH	0
ompF	csgE	0
ompF	nrfC	0
narI	ihfB	0
narI	hipA	0
narI	yeiL	0
narI	tdcA	0
narI	hipB	0
narI	yiaJ	0
narI	ompR	0
narI	tdcR	0
narI	csgD	0
narI	rcsB	0
narI	bolA	0
narI	rstA	0
narI	fhlA	0
narI	hyfR	0
narI	rcsA	0
narI	phoP	0
narI	treR	0
narI	flhD	0
narI	lrhA	0
narI	qseB	0
narI	bdm	0
narI	hyfH	0
narI	tdcE	0
narI	hyfG	0
narI	narG	0
narI	osmC	0
narI	wcaA	0
narI	hydN	0
narI	hypF	0
narI	lyxK	0
narI	ftsA	0
narI	sgbU	0
narI	hycI	0
narI	nrfD	0
narI	yiaM	0
narI	hypA	0
narI	tdcC	0
narI	sra	0
narI	nrfA	0
narI	hycE	0
narI	yjbG	0
narI	wzc	0
narI	ompF	0
narI	hycC	0
narI	hycD	0
narI	wzb	0
narI	sgbH	0
narI	csgE	0
narI	nrfC	0
hycC	ihfB	0
hycC	hipA	0
hycC	yeiL	0
hycC	tdcA	0
hycC	hipB	0
hycC	yiaJ	0
hycC	ompR	0
hycC	tdcR	0
hycC	csgD	0
hycC	rcsB	0
hycC	bolA	0
hycC	rstA	0
hycC	fhlA	0
hycC	hyfR	0
hycC	rcsA	0
hycC	phoP	0
hycC	treR	0
hycC	flhD	0
hycC	lrhA	0
hycC	qseB	0
hycC	bdm	0
hycC	hyfH	0
hycC	tdcE	0
hycC	hyfG	0
hycC	narG	0
hycC	osmC	0
hycC	wcaA	0
hycC	hydN	0
hycC	hypF	0
hycC	lyxK	0
hycC	ftsA	0
hycC	sgbU	0
hycC	hycI	0
hycC	nrfD	0
hycC	yiaM	0
hycC	hypA	0
hycC	tdcC	0
hycC	sra	0
hycC	nrfA	0
hycC	hycE	0
hycC	yjbG	0
hycC	wzc	0
hycC	ompF	0
hycC	narI	0
hycC	hycD	0
hycC	wzb	0
hycC	sgbH	0
hycC	csgE	0
hycC	nrfC	0
hycD	ihfB	0
hycD	hipA	0
hycD	yeiL	0
hycD	tdcA	0
hycD	hipB	0
hycD	yiaJ	0
hycD	ompR	0
hycD	tdcR	0
hycD	csgD	0
hycD	rcsB	0
hycD	bolA	0
hycD	rstA	0
hycD	fhlA	0
hycD	hyfR	0
hycD	rcsA	0
hycD	phoP	0
hycD	treR	0
hycD	flhD	0
hycD	lrhA	0
hycD	qseB	0
hycD	bdm	0
hycD	hyfH	0
hycD	tdcE	0
hycD	hyfG	0
hycD	narG	0
hycD	osmC	0
hycD	wcaA	0
hycD	hydN	0
hycD	hypF	0
hycD	lyxK	0
hycD	ftsA	0
hycD	sgbU	0
hycD	hycI	0
hycD	nrfD	0
hycD	yiaM	0
hycD	hypA	0
hycD	tdcC	0
hycD	sra	0
hycD	nrfA	0
hycD	hycE	0
hycD	yjbG	0
hycD	wzc	0
hycD	ompF	0
hycD	narI	0
hycD	hycC	0
hycD	wzb	0
hycD	sgbH	0
hycD	csgE	0
hycD	nrfC	0
wzb	ihfB	0
wzb	hipA	0
wzb	yeiL	0
wzb	tdcA	0
wzb	hipB	0
wzb	yiaJ	0
wzb	ompR	0
wzb	tdcR	0
wzb	csgD	0
wzb	rcsB	0
wzb	bolA	0
wzb	rstA	0
wzb	fhlA	0
wzb	hyfR	0
wzb	rcsA	0
wzb	phoP	0
wzb	treR	0
wzb	flhD	0
wzb	lrhA	0
wzb	qseB	0
wzb	bdm	0
wzb	hyfH	0
wzb	tdcE	0
wzb	hyfG	0
wzb	narG	0
wzb	osmC	0
wzb	wcaA	0
wzb	hydN	0
wzb	hypF	0
wzb	lyxK	0
wzb	ftsA	0
wzb	sgbU	0
wzb	hycI	0
wzb	nrfD	0
wzb	yiaM	0
wzb	hypA	0
wzb	tdcC	0
wzb	sra	0
wzb	nrfA	0
wzb	hycE	0
wzb	yjbG	0
wzb	wzc	0
wzb	ompF	0
wzb	narI	0
wzb	hycC	0
wzb	hycD	0
wzb	sgbH	0
wzb	csgE	0
wzb	nrfC	0
sgbH	ihfB	0
sgbH	hipA	0
sgbH	yeiL	0
sgbH	tdcA	0
sgbH	hipB	0
sgbH	yiaJ	0
sgbH	ompR	0
sgbH	tdcR	0
sgbH	csgD	0
sgbH	rcsB	0
sgbH	bolA	0
sgbH	rstA	0
sgbH	fhlA	0
sgbH	hyfR	0
sgbH	rcsA	0
sgbH	phoP	0
sgbH	treR	0
sgbH	flhD	0
sgbH	lrhA	0
sgbH	qseB	0
sgbH	bdm	0
sgbH	hyfH	0
sgbH	tdcE	0
sgbH	hyfG	0
sgbH	narG	0
sgbH	osmC	0
sgbH	wcaA	0
sgbH	hydN	0
sgbH	hypF	0
sgbH	lyxK	0
sgbH	ftsA	0
sgbH	sgbU	0
sgbH	hycI	0
sgbH	nrfD	0
sgbH	yiaM	0
sgbH	hypA	0
sgbH	tdcC	0
sgbH	sra	0
sgbH	nrfA	0
sgbH	hycE	0
sgbH	yjbG	0
sgbH	wzc	0
sgbH	ompF	0
sgbH	narI	0
sgbH	hycC	0
sgbH	hycD	0
sgbH	wzb	0
sgbH	csgE	0
sgbH	nrfC	0
csgE	ihfB	0
csgE	hipA	0
csgE	yeiL	0
csgE	tdcA	0
csgE	hipB	0
csgE	yiaJ	0
csgE	ompR	0
csgE	tdcR	0
csgE	csgD	0
csgE	rcsB	0
csgE	bolA	0
csgE	rstA	0
csgE	fhlA	0
csgE	hyfR	0
csgE	rcsA	0
csgE	phoP	0
csgE	treR	0
csgE	flhD	0
csgE	lrhA	0
csgE	qseB	0
csgE	bdm	0
csgE	hyfH	0
csgE	tdcE	0
csgE	hyfG	0
csgE	narG	0
csgE	osmC	0
csgE	wcaA	0
csgE	hydN	0
csgE	hypF	0
csgE	lyxK	0
csgE	ftsA	0
csgE	sgbU	0
csgE	hycI	0
csgE	nrfD	0
csgE	yiaM	0
csgE	hypA	0
csgE	tdcC	0
csgE	sra	0
csgE	nrfA	0
csgE	hycE	0
csgE	yjbG	0
csgE	wzc	0
csgE	ompF	0
csgE	narI	0
csgE	hycC	0
csgE	hycD	0
csgE	wzb	0
csgE	sgbH	0
csgE	nrfC	0
nrfC	ihfB	0
nrfC	hipA	0
nrfC	yeiL	0
nrfC	tdcA	0
nrfC	hipB	0
nrfC	yiaJ	0
nrfC	ompR	0
nrfC	tdcR	0
nrfC	csgD	0
nrfC	rcsB	0
nrfC	bolA	0
nrfC	rstA	0
nrfC	fhlA	0
nrfC	hyfR	0
nrfC	rcsA	0
nrfC	phoP	0
nrfC	treR	0
nrfC	flhD	0
nrfC	lrhA	0
nrfC	qseB	0
nrfC	bdm	0
nrfC	hyfH	0
nrfC	tdcE	0
nrfC	hyfG	0
nrfC	narG	0
nrfC	osmC	0
nrfC	wcaA	0
nrfC	hydN	0
nrfC	hypF	0
nrfC	lyxK	0
nrfC	ftsA	0
nrfC	sgbU	0
nrfC	hycI	0
nrfC	nrfD	0
nrfC	yiaM	0
nrfC	hypA	0
nrfC	tdcC	0
nrfC	sra	0
nrfC	nrfA	0
nrfC	hycE	0
nrfC	yjbG	0
nrfC	wzc	0
nrfC	ompF	0
nrfC	narI	0
nrfC	hycC	0
nrfC	hycD	0
nrfC	wzb	0
nrfC	sgbH	0
nrfC	csgE	0
